timestamp,time_of_day,scenario,arrival_rate_lambda
20/06/2026 0:00,0:00,Off-Peak,14
20/06/2026 0:01,0:01,Off-Peak,15
20/06/2026 0:02,0:02,Off-Peak,16
20/06/2026 0:03,0:03,Off-Peak,15
20/06/2026 0:04,0:04,Off-Peak,15
20/06/2026 0:05,0:05,Off-Peak,16
20/06/2026 0:06,0:06,Off-Peak,17
20/06/2026 0:07,0:07,Off-Peak,16
20/06/2026 0:08,0:08,Off-Peak,14
20/06/2026 0:09,0:09,Off-Peak,13
20/06/2026 0:10,0:10,Off-Peak,15
20/06/2026 0:11,0:11,Off-Peak,12
20/06/2026 0:12,0:12,Off-Peak,15
20/06/2026 0:13,0:13,Off-Peak,13
20/06/2026 0:14,0:14,Off-Peak,13
20/06/2026 0:15,0:15,Off-Peak,13
20/06/2026 0:16,0:16,Off-Peak,18
20/06/2026 0:17,0:17,Off-Peak,15
20/06/2026 0:18,0:18,Off-Peak,13
20/06/2026 0:19,0:19,Off-Peak,13
20/06/2026 0:20,0:20,Off-Peak,15
20/06/2026 0:21,0:21,Off-Peak,15
20/06/2026 0:22,0:22,Off-Peak,17
20/06/2026 0:23,0:23,Off-Peak,15
20/06/2026 0:24,0:24,Off-Peak,14
20/06/2026 0:25,0:25,Off-Peak,14
20/06/2026 0:26,0:26,Off-Peak,15
20/06/2026 0:27,0:27,Off-Peak,14
20/06/2026 0:28,0:28,Off-Peak,16
20/06/2026 0:29,0:29,Off-Peak,15
20/06/2026 0:30,0:30,Off-Peak,13
20/06/2026 0:31,0:31,Off-Peak,16
20/06/2026 0:32,0:32,Off-Peak,17
20/06/2026 0:33,0:33,Off-Peak,15
20/06/2026 0:34,0:34,Off-Peak,13
20/06/2026 0:35,0:35,Off-Peak,14
20/06/2026 0:36,0:36,Off-Peak,15
20/06/2026 0:37,0:37,Off-Peak,15
20/06/2026 0:38,0:38,Off-Peak,16
20/06/2026 0:39,0:39,Off-Peak,13
20/06/2026 0:40,0:40,Off-Peak,15
20/06/2026 0:41,0:41,Off-Peak,17
20/06/2026 0:42,0:42,Off-Peak,14
20/06/2026 0:43,0:43,Off-Peak,14
20/06/2026 0:44,0:44,Off-Peak,16
20/06/2026 0:45,0:45,Off-Peak,11
20/06/2026 0:46,0:46,Off-Peak,15
20/06/2026 0:47,0:47,Off-Peak,14
20/06/2026 0:48,0:48,Off-Peak,14
20/06/2026 0:49,0:49,Off-Peak,14
20/06/2026 0:50,0:50,Off-Peak,13
20/06/2026 0:51,0:51,Off-Peak,15
20/06/2026 0:52,0:52,Off-Peak,15
20/06/2026 0:53,0:53,Off-Peak,15
20/06/2026 0:54,0:54,Off-Peak,16
20/06/2026 0:55,0:55,Off-Peak,16
20/06/2026 0:56,0:56,Off-Peak,14
20/06/2026 0:57,0:57,Off-Peak,14
20/06/2026 0:58,0:58,Off-Peak,17
20/06/2026 0:59,0:59,Off-Peak,13
20/06/2026 1:00,1:00,Off-Peak,15
20/06/2026 1:01,1:01,Off-Peak,17
20/06/2026 1:02,1:02,Off-Peak,13
20/06/2026 1:03,1:03,Off-Peak,12
20/06/2026 1:04,1:04,Off-Peak,12
20/06/2026 1:05,1:05,Off-Peak,13
20/06/2026 1:06,1:06,Off-Peak,14
20/06/2026 1:07,1:07,Off-Peak,16
20/06/2026 1:08,1:08,Off-Peak,13
20/06/2026 1:09,1:09,Off-Peak,14
20/06/2026 1:10,1:10,Off-Peak,14
20/06/2026 1:11,1:11,Off-Peak,16
20/06/2026 1:12,1:12,Off-Peak,15
20/06/2026 1:13,1:13,Off-Peak,14
20/06/2026 1:14,1:14,Off-Peak,14
20/06/2026 1:15,1:15,Off-Peak,13
20/06/2026 1:16,1:16,Off-Peak,14
20/06/2026 1:17,1:17,Off-Peak,14
20/06/2026 1:18,1:18,Off-Peak,15
20/06/2026 1:19,1:19,Off-Peak,16
20/06/2026 1:20,1:20,Off-Peak,14
20/06/2026 1:21,1:21,Off-Peak,15
20/06/2026 1:22,1:22,Off-Peak,14
20/06/2026 1:23,1:23,Off-Peak,14
20/06/2026 1:24,1:24,Off-Peak,17
20/06/2026 1:25,1:25,Off-Peak,13
20/06/2026 1:26,1:26,Off-Peak,16
20/06/2026 1:27,1:27,Off-Peak,13
20/06/2026 1:28,1:28,Off-Peak,13
20/06/2026 1:29,1:29,Off-Peak,16
20/06/2026 1:30,1:30,Off-Peak,14
20/06/2026 1:31,1:31,Off-Peak,13
20/06/2026 1:32,1:32,Off-Peak,14
20/06/2026 1:33,1:33,Off-Peak,14
20/06/2026 1:34,1:34,Off-Peak,15
20/06/2026 1:35,1:35,Off-Peak,16
20/06/2026 1:36,1:36,Off-Peak,13
20/06/2026 1:37,1:37,Off-Peak,14
20/06/2026 1:38,1:38,Off-Peak,16
20/06/2026 1:39,1:39,Off-Peak,16
20/06/2026 1:40,1:40,Off-Peak,14
20/06/2026 1:41,1:41,Off-Peak,14
20/06/2026 1:42,1:42,Off-Peak,15
20/06/2026 1:43,1:43,Off-Peak,13
20/06/2026 1:44,1:44,Off-Peak,15
20/06/2026 1:45,1:45,Off-Peak,11
20/06/2026 1:46,1:46,Off-Peak,16
20/06/2026 1:47,1:47,Off-Peak,14
20/06/2026 1:48,1:48,Off-Peak,13
20/06/2026 1:49,1:49,Off-Peak,14
20/06/2026 1:50,1:50,Off-Peak,15
20/06/2026 1:51,1:51,Off-Peak,13
20/06/2026 1:52,1:52,Off-Peak,15
20/06/2026 1:53,1:53,Off-Peak,15
20/06/2026 1:54,1:54,Off-Peak,17
20/06/2026 1:55,1:55,Off-Peak,15
20/06/2026 1:56,1:56,Off-Peak,14
20/06/2026 1:57,1:57,Off-Peak,14
20/06/2026 1:58,1:58,Off-Peak,14
20/06/2026 1:59,1:59,Off-Peak,13
20/06/2026 2:00,2:00,Off-Peak,12
20/06/2026 2:01,2:01,Off-Peak,16
20/06/2026 2:02,2:02,Off-Peak,17
20/06/2026 2:03,2:03,Off-Peak,13
20/06/2026 2:04,2:04,Off-Peak,16
20/06/2026 2:05,2:05,Off-Peak,16
20/06/2026 2:06,2:06,Off-Peak,16
20/06/2026 2:07,2:07,Off-Peak,13
20/06/2026 2:08,2:08,Off-Peak,15
20/06/2026 2:09,2:09,Off-Peak,16
20/06/2026 2:10,2:10,Off-Peak,12
20/06/2026 2:11,2:11,Off-Peak,15
20/06/2026 2:12,2:12,Off-Peak,13
20/06/2026 2:13,2:13,Off-Peak,16
20/06/2026 2:14,2:14,Off-Peak,14
20/06/2026 2:15,2:15,Off-Peak,15
20/06/2026 2:16,2:16,Off-Peak,14
20/06/2026 2:17,2:17,Off-Peak,14
20/06/2026 2:18,2:18,Off-Peak,16
20/06/2026 2:19,2:19,Off-Peak,11
20/06/2026 2:20,2:20,Off-Peak,14
20/06/2026 2:21,2:21,Off-Peak,14
20/06/2026 2:22,2:22,Off-Peak,14
20/06/2026 2:23,2:23,Off-Peak,15
20/06/2026 2:24,2:24,Off-Peak,12
20/06/2026 2:25,2:25,Off-Peak,16
20/06/2026 2:26,2:26,Off-Peak,14
20/06/2026 2:27,2:27,Off-Peak,14
20/06/2026 2:28,2:28,Off-Peak,15
20/06/2026 2:29,2:29,Off-Peak,14
20/06/2026 2:30,2:30,Off-Peak,15
20/06/2026 2:31,2:31,Off-Peak,14
20/06/2026 2:32,2:32,Off-Peak,15
20/06/2026 2:33,2:33,Off-Peak,13
20/06/2026 2:34,2:34,Off-Peak,15
20/06/2026 2:35,2:35,Off-Peak,16
20/06/2026 2:36,2:36,Off-Peak,14
20/06/2026 2:37,2:37,Off-Peak,13
20/06/2026 2:38,2:38,Off-Peak,15
20/06/2026 2:39,2:39,Off-Peak,11
20/06/2026 2:40,2:40,Off-Peak,15
20/06/2026 2:41,2:41,Off-Peak,15
20/06/2026 2:42,2:42,Off-Peak,12
20/06/2026 2:43,2:43,Off-Peak,12
20/06/2026 2:44,2:44,Off-Peak,15
20/06/2026 2:45,2:45,Off-Peak,14
20/06/2026 2:46,2:46,Off-Peak,15
20/06/2026 2:47,2:47,Off-Peak,15
20/06/2026 2:48,2:48,Off-Peak,14
20/06/2026 2:49,2:49,Off-Peak,14
20/06/2026 2:50,2:50,Off-Peak,11
20/06/2026 2:51,2:51,Off-Peak,13
20/06/2026 2:52,2:52,Off-Peak,14
20/06/2026 2:53,2:53,Off-Peak,16
20/06/2026 2:54,2:54,Off-Peak,14
20/06/2026 2:55,2:55,Off-Peak,13
20/06/2026 2:56,2:56,Off-Peak,10
20/06/2026 2:57,2:57,Off-Peak,13
20/06/2026 2:58,2:58,Off-Peak,16
20/06/2026 2:59,2:59,Off-Peak,13
20/06/2026 3:00,3:00,Off-Peak,15
20/06/2026 3:01,3:01,Off-Peak,14
20/06/2026 3:02,3:02,Off-Peak,13
20/06/2026 3:03,3:03,Off-Peak,16
20/06/2026 3:04,3:04,Off-Peak,14
20/06/2026 3:05,3:05,Off-Peak,16
20/06/2026 3:06,3:06,Off-Peak,15
20/06/2026 3:07,3:07,Off-Peak,15
20/06/2026 3:08,3:08,Off-Peak,12
20/06/2026 3:09,3:09,Off-Peak,16
20/06/2026 3:10,3:10,Off-Peak,16
20/06/2026 3:11,3:11,Off-Peak,17
20/06/2026 3:12,3:12,Off-Peak,11
20/06/2026 3:13,3:13,Off-Peak,16
20/06/2026 3:14,3:14,Off-Peak,11
20/06/2026 3:15,3:15,Off-Peak,15
20/06/2026 3:16,3:16,Off-Peak,14
20/06/2026 3:17,3:17,Off-Peak,15
20/06/2026 3:18,3:18,Off-Peak,15
20/06/2026 3:19,3:19,Off-Peak,17
20/06/2026 3:20,3:20,Off-Peak,15
20/06/2026 3:21,3:21,Off-Peak,14
20/06/2026 3:22,3:22,Off-Peak,13
20/06/2026 3:23,3:23,Off-Peak,14
20/06/2026 3:24,3:24,Off-Peak,12
20/06/2026 3:25,3:25,Off-Peak,11
20/06/2026 3:26,3:26,Off-Peak,14
20/06/2026 3:27,3:27,Off-Peak,16
20/06/2026 3:28,3:28,Off-Peak,12
20/06/2026 3:29,3:29,Off-Peak,14
20/06/2026 3:30,3:30,Off-Peak,17
20/06/2026 3:31,3:31,Off-Peak,14
20/06/2026 3:32,3:32,Off-Peak,12
20/06/2026 3:33,3:33,Off-Peak,15
20/06/2026 3:34,3:34,Off-Peak,14
20/06/2026 3:35,3:35,Off-Peak,16
20/06/2026 3:36,3:36,Off-Peak,13
20/06/2026 3:37,3:37,Off-Peak,12
20/06/2026 3:38,3:38,Off-Peak,14
20/06/2026 3:39,3:39,Off-Peak,16
20/06/2026 3:40,3:40,Off-Peak,15
20/06/2026 3:41,3:41,Off-Peak,12
20/06/2026 3:42,3:42,Off-Peak,15
20/06/2026 3:43,3:43,Off-Peak,14
20/06/2026 3:44,3:44,Off-Peak,15
20/06/2026 3:45,3:45,Off-Peak,15
20/06/2026 3:46,3:46,Off-Peak,16
20/06/2026 3:47,3:47,Off-Peak,12
20/06/2026 3:48,3:48,Off-Peak,14
20/06/2026 3:49,3:49,Off-Peak,15
20/06/2026 3:50,3:50,Off-Peak,14
20/06/2026 3:51,3:51,Off-Peak,15
20/06/2026 3:52,3:52,Off-Peak,12
20/06/2026 3:53,3:53,Off-Peak,15
20/06/2026 3:54,3:54,Off-Peak,14
20/06/2026 3:55,3:55,Off-Peak,12
20/06/2026 3:56,3:56,Off-Peak,16
20/06/2026 3:57,3:57,Off-Peak,13
20/06/2026 3:58,3:58,Off-Peak,16
20/06/2026 3:59,3:59,Off-Peak,15
20/06/2026 4:00,4:00,Off-Peak,16
20/06/2026 4:01,4:01,Off-Peak,12
20/06/2026 4:02,4:02,Off-Peak,13
20/06/2026 4:03,4:03,Off-Peak,12
20/06/2026 4:04,4:04,Off-Peak,14
20/06/2026 4:05,4:05,Off-Peak,14
20/06/2026 4:06,4:06,Off-Peak,11
20/06/2026 4:07,4:07,Off-Peak,12
20/06/2026 4:08,4:08,Off-Peak,14
20/06/2026 4:09,4:09,Off-Peak,14
20/06/2026 4:10,4:10,Off-Peak,15
20/06/2026 4:11,4:11,Off-Peak,14
20/06/2026 4:12,4:12,Off-Peak,15
20/06/2026 4:13,4:13,Off-Peak,16
20/06/2026 4:14,4:14,Off-Peak,13
20/06/2026 4:15,4:15,Off-Peak,13
20/06/2026 4:16,4:16,Off-Peak,14
20/06/2026 4:17,4:17,Off-Peak,15
20/06/2026 4:18,4:18,Off-Peak,14
20/06/2026 4:19,4:19,Off-Peak,15
20/06/2026 4:20,4:20,Off-Peak,17
20/06/2026 4:21,4:21,Off-Peak,13
20/06/2026 4:22,4:22,Off-Peak,15
20/06/2026 4:23,4:23,Off-Peak,15
20/06/2026 4:24,4:24,Off-Peak,16
20/06/2026 4:25,4:25,Off-Peak,15
20/06/2026 4:26,4:26,Off-Peak,14
20/06/2026 4:27,4:27,Off-Peak,12
20/06/2026 4:28,4:28,Off-Peak,14
20/06/2026 4:29,4:29,Off-Peak,15
20/06/2026 4:30,4:30,Off-Peak,13
20/06/2026 4:31,4:31,Off-Peak,16
20/06/2026 4:32,4:32,Off-Peak,15
20/06/2026 4:33,4:33,Off-Peak,15
20/06/2026 4:34,4:34,Off-Peak,15
20/06/2026 4:35,4:35,Off-Peak,17
20/06/2026 4:36,4:36,Off-Peak,14
20/06/2026 4:37,4:37,Off-Peak,14
20/06/2026 4:38,4:38,Off-Peak,14
20/06/2026 4:39,4:39,Off-Peak,15
20/06/2026 4:40,4:40,Off-Peak,15
20/06/2026 4:41,4:41,Off-Peak,12
20/06/2026 4:42,4:42,Off-Peak,17
20/06/2026 4:43,4:43,Off-Peak,16
20/06/2026 4:44,4:44,Off-Peak,14
20/06/2026 4:45,4:45,Off-Peak,14
20/06/2026 4:46,4:46,Off-Peak,11
20/06/2026 4:47,4:47,Off-Peak,13
20/06/2026 4:48,4:48,Off-Peak,12
20/06/2026 4:49,4:49,Off-Peak,14
20/06/2026 4:50,4:50,Off-Peak,9
20/06/2026 4:51,4:51,Off-Peak,15
20/06/2026 4:52,4:52,Off-Peak,16
20/06/2026 4:53,4:53,Off-Peak,15
20/06/2026 4:54,4:54,Off-Peak,15
20/06/2026 4:55,4:55,Off-Peak,16
20/06/2026 4:56,4:56,Off-Peak,14
20/06/2026 4:57,4:57,Off-Peak,14
20/06/2026 4:58,4:58,Off-Peak,15
20/06/2026 4:59,4:59,Off-Peak,14
20/06/2026 5:00,5:00,Off-Peak,13
20/06/2026 5:01,5:01,Off-Peak,17
20/06/2026 5:02,5:02,Off-Peak,13
20/06/2026 5:03,5:03,Off-Peak,13
20/06/2026 5:04,5:04,Off-Peak,15
20/06/2026 5:05,5:05,Off-Peak,14
20/06/2026 5:06,5:06,Off-Peak,14
20/06/2026 5:07,5:07,Off-Peak,14
20/06/2026 5:08,5:08,Off-Peak,14
20/06/2026 5:09,5:09,Off-Peak,17
20/06/2026 5:10,5:10,Off-Peak,13
20/06/2026 5:11,5:11,Off-Peak,18
20/06/2026 5:12,5:12,Off-Peak,12
20/06/2026 5:13,5:13,Off-Peak,12
20/06/2026 5:14,5:14,Off-Peak,15
20/06/2026 5:15,5:15,Off-Peak,16
20/06/2026 5:16,5:16,Off-Peak,16
20/06/2026 5:17,5:17,Off-Peak,15
20/06/2026 5:18,5:18,Off-Peak,16
20/06/2026 5:19,5:19,Off-Peak,14
20/06/2026 5:20,5:20,Off-Peak,15
20/06/2026 5:21,5:21,Off-Peak,14
20/06/2026 5:22,5:22,Off-Peak,16
20/06/2026 5:23,5:23,Off-Peak,15
20/06/2026 5:24,5:24,Off-Peak,15
20/06/2026 5:25,5:25,Off-Peak,14
20/06/2026 5:26,5:26,Off-Peak,18
20/06/2026 5:27,5:27,Off-Peak,15
20/06/2026 5:28,5:28,Off-Peak,14
20/06/2026 5:29,5:29,Off-Peak,14
20/06/2026 5:30,5:30,Off-Peak,16
20/06/2026 5:31,5:31,Off-Peak,16
20/06/2026 5:32,5:32,Off-Peak,12
20/06/2026 5:33,5:33,Off-Peak,14
20/06/2026 5:34,5:34,Off-Peak,16
20/06/2026 5:35,5:35,Off-Peak,13
20/06/2026 5:36,5:36,Off-Peak,15
20/06/2026 5:37,5:37,Off-Peak,15
20/06/2026 5:38,5:38,Off-Peak,11
20/06/2026 5:39,5:39,Off-Peak,14
20/06/2026 5:40,5:40,Off-Peak,17
20/06/2026 5:41,5:41,Off-Peak,14
20/06/2026 5:42,5:42,Off-Peak,13
20/06/2026 5:43,5:43,Off-Peak,14
20/06/2026 5:44,5:44,Off-Peak,16
20/06/2026 5:45,5:45,Off-Peak,16
20/06/2026 5:46,5:46,Off-Peak,14
20/06/2026 5:47,5:47,Off-Peak,14
20/06/2026 5:48,5:48,Off-Peak,16
20/06/2026 5:49,5:49,Off-Peak,16
20/06/2026 5:50,5:50,Off-Peak,16
20/06/2026 5:51,5:51,Off-Peak,17
20/06/2026 5:52,5:52,Off-Peak,14
20/06/2026 5:53,5:53,Off-Peak,15
20/06/2026 5:54,5:54,Off-Peak,14
20/06/2026 5:55,5:55,Off-Peak,15
20/06/2026 5:56,5:56,Off-Peak,14
20/06/2026 5:57,5:57,Off-Peak,14
20/06/2026 5:58,5:58,Off-Peak,12
20/06/2026 5:59,5:59,Off-Peak,13
20/06/2026 6:00,6:00,Normal,39
20/06/2026 6:01,6:01,Normal,40
20/06/2026 6:02,6:02,Normal,40
20/06/2026 6:03,6:03,Normal,43
20/06/2026 6:04,6:04,Normal,42
20/06/2026 6:05,6:05,Normal,38
20/06/2026 6:06,6:06,Normal,42
20/06/2026 6:07,6:07,Normal,34
20/06/2026 6:08,6:08,Normal,40
20/06/2026 6:09,6:09,Normal,36
20/06/2026 6:10,6:10,Normal,44
20/06/2026 6:11,6:11,Normal,36
20/06/2026 6:12,6:12,Normal,44
20/06/2026 6:13,6:13,Normal,45
20/06/2026 6:14,6:14,Normal,40
20/06/2026 6:15,6:15,Normal,43
20/06/2026 6:16,6:16,Normal,43
20/06/2026 6:17,6:17,Normal,35
20/06/2026 6:18,6:18,Normal,32
20/06/2026 6:19,6:19,Normal,41
20/06/2026 6:20,6:20,Normal,35
20/06/2026 6:21,6:21,Normal,40
20/06/2026 6:22,6:22,Normal,44
20/06/2026 6:23,6:23,Normal,31
20/06/2026 6:24,6:24,Normal,37
20/06/2026 6:25,6:25,Normal,48
20/06/2026 6:26,6:26,Normal,38
20/06/2026 6:27,6:27,Normal,39
20/06/2026 6:28,6:28,Normal,30
20/06/2026 6:29,6:29,Normal,37
20/06/2026 6:30,6:30,Normal,35
20/06/2026 6:31,6:31,Normal,38
20/06/2026 6:32,6:32,Normal,39
20/06/2026 6:33,6:33,Normal,41
20/06/2026 6:34,6:34,Normal,35
20/06/2026 6:35,6:35,Normal,38
20/06/2026 6:36,6:36,Normal,37
20/06/2026 6:37,6:37,Normal,42
20/06/2026 6:38,6:38,Normal,39
20/06/2026 6:39,6:39,Normal,29
20/06/2026 6:40,6:40,Normal,39
20/06/2026 6:41,6:41,Normal,43
20/06/2026 6:42,6:42,Normal,42
20/06/2026 6:43,6:43,Normal,35
20/06/2026 6:44,6:44,Normal,40
20/06/2026 6:45,6:45,Normal,39
20/06/2026 6:46,6:46,Normal,38
20/06/2026 6:47,6:47,Normal,43
20/06/2026 6:48,6:48,Normal,35
20/06/2026 6:49,6:49,Normal,39
20/06/2026 6:50,6:50,Normal,38
20/06/2026 6:51,6:51,Normal,44
20/06/2026 6:52,6:52,Normal,35
20/06/2026 6:53,6:53,Normal,45
20/06/2026 6:54,6:54,Normal,43
20/06/2026 6:55,6:55,Normal,39
20/06/2026 6:56,6:56,Normal,34
20/06/2026 6:57,6:57,Normal,43
20/06/2026 6:58,6:58,Normal,40
20/06/2026 6:59,6:59,Normal,42
20/06/2026 7:00,7:00,Normal,43
20/06/2026 7:01,7:01,Normal,38
20/06/2026 7:02,7:02,Normal,43
20/06/2026 7:03,7:03,Normal,39
20/06/2026 7:04,7:04,Normal,39
20/06/2026 7:05,7:05,Normal,40
20/06/2026 7:06,7:06,Normal,47
20/06/2026 7:07,7:07,Normal,39
20/06/2026 7:08,7:08,Normal,38
20/06/2026 7:09,7:09,Normal,35
20/06/2026 7:10,7:10,Normal,40
20/06/2026 7:11,7:11,Normal,46
20/06/2026 7:12,7:12,Normal,41
20/06/2026 7:13,7:13,Normal,33
20/06/2026 7:14,7:14,Normal,30
20/06/2026 7:15,7:15,Normal,42
20/06/2026 7:16,7:16,Normal,37
20/06/2026 7:17,7:17,Normal,44
20/06/2026 7:18,7:18,Normal,41
20/06/2026 7:19,7:19,Normal,37
20/06/2026 7:20,7:20,Normal,42
20/06/2026 7:21,7:21,Normal,41
20/06/2026 7:22,7:22,Normal,40
20/06/2026 7:23,7:23,Normal,35
20/06/2026 7:24,7:24,Normal,45
20/06/2026 7:25,7:25,Normal,39
20/06/2026 7:26,7:26,Normal,42
20/06/2026 7:27,7:27,Normal,34
20/06/2026 7:28,7:28,Normal,36
20/06/2026 7:29,7:29,Normal,40
20/06/2026 7:30,7:30,Normal,50
20/06/2026 7:31,7:31,Normal,40
20/06/2026 7:32,7:32,Normal,39
20/06/2026 7:33,7:33,Normal,44
20/06/2026 7:34,7:34,Normal,44
20/06/2026 7:35,7:35,Normal,37
20/06/2026 7:36,7:36,Normal,37
20/06/2026 7:37,7:37,Normal,43
20/06/2026 7:38,7:38,Normal,44
20/06/2026 7:39,7:39,Normal,52
20/06/2026 7:40,7:40,Normal,46
20/06/2026 7:41,7:41,Normal,33
20/06/2026 7:42,7:42,Normal,37
20/06/2026 7:43,7:43,Normal,38
20/06/2026 7:44,7:44,Normal,38
20/06/2026 7:45,7:45,Normal,48
20/06/2026 7:46,7:46,Normal,40
20/06/2026 7:47,7:47,Normal,41
20/06/2026 7:48,7:48,Normal,42
20/06/2026 7:49,7:49,Normal,39
20/06/2026 7:50,7:50,Normal,43
20/06/2026 7:51,7:51,Normal,39
20/06/2026 7:52,7:52,Normal,38
20/06/2026 7:53,7:53,Normal,43
20/06/2026 7:54,7:54,Normal,39
20/06/2026 7:55,7:55,Normal,35
20/06/2026 7:56,7:56,Normal,40
20/06/2026 7:57,7:57,Normal,43
20/06/2026 7:58,7:58,Normal,34
20/06/2026 7:59,7:59,Normal,38
20/06/2026 8:00,8:00,Normal,48
20/06/2026 8:01,8:01,Normal,33
20/06/2026 8:02,8:02,Normal,45
20/06/2026 8:03,8:03,Normal,38
20/06/2026 8:04,8:04,Normal,41
20/06/2026 8:05,8:05,Normal,41
20/06/2026 8:06,8:06,Normal,44
20/06/2026 8:07,8:07,Normal,38
20/06/2026 8:08,8:08,Normal,36
20/06/2026 8:09,8:09,Normal,45
20/06/2026 8:10,8:10,Normal,45
20/06/2026 8:11,8:11,Normal,34
20/06/2026 8:12,8:12,Normal,41
20/06/2026 8:13,8:13,Normal,45
20/06/2026 8:14,8:14,Normal,41
20/06/2026 8:15,8:15,Normal,37
20/06/2026 8:16,8:16,Normal,38
20/06/2026 8:17,8:17,Normal,41
20/06/2026 8:18,8:18,Normal,37
20/06/2026 8:19,8:19,Normal,41
20/06/2026 8:20,8:20,Normal,41
20/06/2026 8:21,8:21,Normal,39
20/06/2026 8:22,8:22,Normal,45
20/06/2026 8:23,8:23,Normal,35
20/06/2026 8:24,8:24,Normal,32
20/06/2026 8:25,8:25,Normal,39
20/06/2026 8:26,8:26,Normal,39
20/06/2026 8:27,8:27,Normal,41
20/06/2026 8:28,8:28,Normal,39
20/06/2026 8:29,8:29,Normal,35
20/06/2026 8:30,8:30,Normal,36
20/06/2026 8:31,8:31,Normal,38
20/06/2026 8:32,8:32,Normal,41
20/06/2026 8:33,8:33,Normal,45
20/06/2026 8:34,8:34,Normal,35
20/06/2026 8:35,8:35,Normal,41
20/06/2026 8:36,8:36,Normal,41
20/06/2026 8:37,8:37,Normal,40
20/06/2026 8:38,8:38,Normal,36
20/06/2026 8:39,8:39,Normal,46
20/06/2026 8:40,8:40,Normal,40
20/06/2026 8:41,8:41,Normal,37
20/06/2026 8:42,8:42,Normal,39
20/06/2026 8:43,8:43,Normal,33
20/06/2026 8:44,8:44,Normal,43
20/06/2026 8:45,8:45,Normal,31
20/06/2026 8:46,8:46,Normal,41
20/06/2026 8:47,8:47,Normal,38
20/06/2026 8:48,8:48,Normal,41
20/06/2026 8:49,8:49,Normal,36
20/06/2026 8:50,8:50,Normal,41
20/06/2026 8:51,8:51,Normal,40
20/06/2026 8:52,8:52,Normal,41
20/06/2026 8:53,8:53,Normal,43
20/06/2026 8:54,8:54,Normal,31
20/06/2026 8:55,8:55,Normal,40
20/06/2026 8:56,8:56,Normal,38
20/06/2026 8:57,8:57,Normal,36
20/06/2026 8:58,8:58,Normal,38
20/06/2026 8:59,8:59,Normal,38
20/06/2026 9:00,9:00,Normal,42
20/06/2026 9:01,9:01,Normal,42
20/06/2026 9:02,9:02,Normal,40
20/06/2026 9:03,9:03,Normal,43
20/06/2026 9:04,9:04,Normal,41
20/06/2026 9:05,9:05,Normal,37
20/06/2026 9:06,9:06,Normal,40
20/06/2026 9:07,9:07,Normal,40
20/06/2026 9:08,9:08,Normal,39
20/06/2026 9:09,9:09,Normal,43
20/06/2026 9:10,9:10,Normal,35
20/06/2026 9:11,9:11,Normal,43
20/06/2026 9:12,9:12,Normal,43
20/06/2026 9:13,9:13,Normal,41
20/06/2026 9:14,9:14,Normal,45
20/06/2026 9:15,9:15,Normal,43
20/06/2026 9:16,9:16,Normal,37
20/06/2026 9:17,9:17,Normal,31
20/06/2026 9:18,9:18,Normal,42
20/06/2026 9:19,9:19,Normal,41
20/06/2026 9:20,9:20,Normal,38
20/06/2026 9:21,9:21,Normal,37
20/06/2026 9:22,9:22,Normal,26
20/06/2026 9:23,9:23,Normal,46
20/06/2026 9:24,9:24,Normal,38
20/06/2026 9:25,9:25,Normal,39
20/06/2026 9:26,9:26,Normal,41
20/06/2026 9:27,9:27,Normal,43
20/06/2026 9:28,9:28,Normal,45
20/06/2026 9:29,9:29,Normal,45
20/06/2026 9:30,9:30,Normal,37
20/06/2026 9:31,9:31,Normal,37
20/06/2026 9:32,9:32,Normal,46
20/06/2026 9:33,9:33,Normal,46
20/06/2026 9:34,9:34,Normal,36
20/06/2026 9:35,9:35,Normal,41
20/06/2026 9:36,9:36,Normal,38
20/06/2026 9:37,9:37,Normal,48
20/06/2026 9:38,9:38,Normal,38
20/06/2026 9:39,9:39,Normal,47
20/06/2026 9:40,9:40,Normal,37
20/06/2026 9:41,9:41,Normal,39
20/06/2026 9:42,9:42,Normal,41
20/06/2026 9:43,9:43,Normal,42
20/06/2026 9:44,9:44,Normal,37
20/06/2026 9:45,9:45,Normal,40
20/06/2026 9:46,9:46,Normal,38
20/06/2026 9:47,9:47,Normal,37
20/06/2026 9:48,9:48,Normal,32
20/06/2026 9:49,9:49,Normal,47
20/06/2026 9:50,9:50,Normal,42
20/06/2026 9:51,9:51,Normal,40
20/06/2026 9:52,9:52,Normal,39
20/06/2026 9:53,9:53,Normal,36
20/06/2026 9:54,9:54,Normal,37
20/06/2026 9:55,9:55,Normal,37
20/06/2026 9:56,9:56,Normal,36
20/06/2026 9:57,9:57,Normal,38
20/06/2026 9:58,9:58,Normal,48
20/06/2026 9:59,9:59,Normal,31
20/06/2026 10:00,10:00,Normal,40
20/06/2026 10:01,10:01,Normal,43
20/06/2026 10:02,10:02,Normal,38
20/06/2026 10:03,10:03,Normal,39
20/06/2026 10:04,10:04,Normal,38
20/06/2026 10:05,10:05,Normal,47
20/06/2026 10:06,10:06,Normal,40
20/06/2026 10:07,10:07,Normal,39
20/06/2026 10:08,10:08,Normal,36
20/06/2026 10:09,10:09,Normal,41
20/06/2026 10:10,10:10,Normal,32
20/06/2026 10:11,10:11,Normal,38
20/06/2026 10:12,10:12,Normal,42
20/06/2026 10:13,10:13,Normal,41
20/06/2026 10:14,10:14,Normal,46
20/06/2026 10:15,10:15,Normal,40
20/06/2026 10:16,10:16,Normal,48
20/06/2026 10:17,10:17,Normal,43
20/06/2026 10:18,10:18,Normal,40
20/06/2026 10:19,10:19,Normal,42
20/06/2026 10:20,10:20,Normal,33
20/06/2026 10:21,10:21,Normal,40
20/06/2026 10:22,10:22,Normal,41
20/06/2026 10:23,10:23,Normal,36
20/06/2026 10:24,10:24,Normal,34
20/06/2026 10:25,10:25,Normal,42
20/06/2026 10:26,10:26,Normal,41
20/06/2026 10:27,10:27,Normal,43
20/06/2026 10:28,10:28,Normal,43
20/06/2026 10:29,10:29,Normal,37
20/06/2026 10:30,10:30,Normal,39
20/06/2026 10:31,10:31,Normal,37
20/06/2026 10:32,10:32,Normal,33
20/06/2026 10:33,10:33,Normal,44
20/06/2026 10:34,10:34,Normal,38
20/06/2026 10:35,10:35,Normal,39
20/06/2026 10:36,10:36,Normal,44
20/06/2026 10:37,10:37,Normal,39
20/06/2026 10:38,10:38,Normal,46
20/06/2026 10:39,10:39,Normal,37
20/06/2026 10:40,10:40,Normal,33
20/06/2026 10:41,10:41,Normal,41
20/06/2026 10:42,10:42,Normal,31
20/06/2026 10:43,10:43,Normal,41
20/06/2026 10:44,10:44,Normal,37
20/06/2026 10:45,10:45,Normal,33
20/06/2026 10:46,10:46,Normal,37
20/06/2026 10:47,10:47,Normal,39
20/06/2026 10:48,10:48,Normal,44
20/06/2026 10:49,10:49,Normal,30
20/06/2026 10:50,10:50,Normal,38
20/06/2026 10:51,10:51,Normal,44
20/06/2026 10:52,10:52,Normal,39
20/06/2026 10:53,10:53,Normal,40
20/06/2026 10:54,10:54,Normal,35
20/06/2026 10:55,10:55,Normal,40
20/06/2026 10:56,10:56,Normal,47
20/06/2026 10:57,10:57,Normal,41
20/06/2026 10:58,10:58,Normal,35
20/06/2026 10:59,10:59,Normal,33
20/06/2026 11:00,11:00,Lunch Rush,89
20/06/2026 11:01,11:01,Lunch Rush,70
20/06/2026 11:02,11:02,Lunch Rush,90
20/06/2026 11:03,11:03,Lunch Rush,66
20/06/2026 11:04,11:04,Lunch Rush,86
20/06/2026 11:05,11:05,Lunch Rush,72
20/06/2026 11:06,11:06,Lunch Rush,84
20/06/2026 11:07,11:07,Lunch Rush,88
20/06/2026 11:08,11:08,Lunch Rush,79
20/06/2026 11:09,11:09,Lunch Rush,72
20/06/2026 11:10,11:10,Lunch Rush,78
20/06/2026 11:11,11:11,Lunch Rush,85
20/06/2026 11:12,11:12,Lunch Rush,79
20/06/2026 11:13,11:13,Lunch Rush,91
20/06/2026 11:14,11:14,Lunch Rush,81
20/06/2026 11:15,11:15,Lunch Rush,95
20/06/2026 11:16,11:16,Lunch Rush,75
20/06/2026 11:17,11:17,Lunch Rush,80
20/06/2026 11:18,11:18,Lunch Rush,57
20/06/2026 11:19,11:19,Lunch Rush,75
20/06/2026 11:20,11:20,Lunch Rush,86
20/06/2026 11:21,11:21,Lunch Rush,80
20/06/2026 11:22,11:22,Lunch Rush,77
20/06/2026 11:23,11:23,Lunch Rush,80
20/06/2026 11:24,11:24,Lunch Rush,77
20/06/2026 11:25,11:25,Lunch Rush,69
20/06/2026 11:26,11:26,Lunch Rush,68
20/06/2026 11:27,11:27,Lunch Rush,78
20/06/2026 11:28,11:28,Lunch Rush,68
20/06/2026 11:29,11:29,Lunch Rush,90
20/06/2026 11:30,11:30,Lunch Rush,79
20/06/2026 11:31,11:31,Lunch Rush,74
20/06/2026 11:32,11:32,Lunch Rush,78
20/06/2026 11:33,11:33,Lunch Rush,80
20/06/2026 11:34,11:34,Lunch Rush,89
20/06/2026 11:35,11:35,Lunch Rush,76
20/06/2026 11:36,11:36,Lunch Rush,68
20/06/2026 11:37,11:37,Lunch Rush,81
20/06/2026 11:38,11:38,Lunch Rush,76
20/06/2026 11:39,11:39,Lunch Rush,77
20/06/2026 11:40,11:40,Lunch Rush,85
20/06/2026 11:41,11:41,Lunch Rush,82
20/06/2026 11:42,11:42,Lunch Rush,78
20/06/2026 11:43,11:43,Lunch Rush,78
20/06/2026 11:44,11:44,Lunch Rush,79
20/06/2026 11:45,11:45,Lunch Rush,79
20/06/2026 11:46,11:46,Lunch Rush,80
20/06/2026 11:47,11:47,Lunch Rush,77
20/06/2026 11:48,11:48,Lunch Rush,86
20/06/2026 11:49,11:49,Lunch Rush,89
20/06/2026 11:50,11:50,Lunch Rush,80
20/06/2026 11:51,11:51,Lunch Rush,70
20/06/2026 11:52,11:52,Lunch Rush,79
20/06/2026 11:53,11:53,Lunch Rush,100
20/06/2026 11:54,11:54,Lunch Rush,77
20/06/2026 11:55,11:55,Lunch Rush,91
20/06/2026 11:56,11:56,Lunch Rush,77
20/06/2026 11:57,11:57,Lunch Rush,78
20/06/2026 11:58,11:58,Lunch Rush,77
20/06/2026 11:59,11:59,Lunch Rush,87
20/06/2026 12:00,12:00,Lunch Rush,78
20/06/2026 12:01,12:01,Lunch Rush,76
20/06/2026 12:02,12:02,Lunch Rush,73
20/06/2026 12:03,12:03,Lunch Rush,83
20/06/2026 12:04,12:04,Lunch Rush,70
20/06/2026 12:05,12:05,Lunch Rush,78
20/06/2026 12:06,12:06,Lunch Rush,74
20/06/2026 12:07,12:07,Lunch Rush,70
20/06/2026 12:08,12:08,Lunch Rush,90
20/06/2026 12:09,12:09,Lunch Rush,80
20/06/2026 12:10,12:10,Lunch Rush,87
20/06/2026 12:11,12:11,Lunch Rush,81
20/06/2026 12:12,12:12,Lunch Rush,69
20/06/2026 12:13,12:13,Lunch Rush,88
20/06/2026 12:14,12:14,Lunch Rush,83
20/06/2026 12:15,12:15,Lunch Rush,72
20/06/2026 12:16,12:16,Lunch Rush,82
20/06/2026 12:17,12:17,Lunch Rush,84
20/06/2026 12:18,12:18,Lunch Rush,73
20/06/2026 12:19,12:19,Lunch Rush,65
20/06/2026 12:20,12:20,Lunch Rush,85
20/06/2026 12:21,12:21,Lunch Rush,85
20/06/2026 12:22,12:22,Lunch Rush,84
20/06/2026 12:23,12:23,Lunch Rush,85
20/06/2026 12:24,12:24,Lunch Rush,79
20/06/2026 12:25,12:25,Lunch Rush,65
20/06/2026 12:26,12:26,Lunch Rush,84
20/06/2026 12:27,12:27,Lunch Rush,78
20/06/2026 12:28,12:28,Lunch Rush,88
20/06/2026 12:29,12:29,Lunch Rush,82
20/06/2026 12:30,12:30,Lunch Rush,83
20/06/2026 12:31,12:31,Lunch Rush,74
20/06/2026 12:32,12:32,Lunch Rush,83
20/06/2026 12:33,12:33,Lunch Rush,83
20/06/2026 12:34,12:34,Lunch Rush,97
20/06/2026 12:35,12:35,Lunch Rush,71
20/06/2026 12:36,12:36,Lunch Rush,70
20/06/2026 12:37,12:37,Lunch Rush,66
20/06/2026 12:38,12:38,Lunch Rush,79
20/06/2026 12:39,12:39,Lunch Rush,93
20/06/2026 12:40,12:40,Lunch Rush,83
20/06/2026 12:41,12:41,Lunch Rush,79
20/06/2026 12:42,12:42,Lunch Rush,95
20/06/2026 12:43,12:43,Lunch Rush,82
20/06/2026 12:44,12:44,Lunch Rush,75
20/06/2026 12:45,12:45,Lunch Rush,71
20/06/2026 12:46,12:46,Lunch Rush,68
20/06/2026 12:47,12:47,Lunch Rush,94
20/06/2026 12:48,12:48,Lunch Rush,72
20/06/2026 12:49,12:49,Lunch Rush,83
20/06/2026 12:50,12:50,Lunch Rush,75
20/06/2026 12:51,12:51,Lunch Rush,82
20/06/2026 12:52,12:52,Lunch Rush,84
20/06/2026 12:53,12:53,Lunch Rush,88
20/06/2026 12:54,12:54,Lunch Rush,83
20/06/2026 12:55,12:55,Lunch Rush,74
20/06/2026 12:56,12:56,Lunch Rush,77
20/06/2026 12:57,12:57,Lunch Rush,77
20/06/2026 12:58,12:58,Lunch Rush,74
20/06/2026 12:59,12:59,Lunch Rush,78
20/06/2026 13:00,13:00,Lunch Rush,81
20/06/2026 13:01,13:01,Lunch Rush,63
20/06/2026 13:02,13:02,Lunch Rush,71
20/06/2026 13:03,13:03,Lunch Rush,74
20/06/2026 13:04,13:04,Lunch Rush,80
20/06/2026 13:05,13:05,Lunch Rush,82
20/06/2026 13:06,13:06,Lunch Rush,103
20/06/2026 13:07,13:07,Lunch Rush,82
20/06/2026 13:08,13:08,Lunch Rush,84
20/06/2026 13:09,13:09,Lunch Rush,83
20/06/2026 13:10,13:10,Lunch Rush,87
20/06/2026 13:11,13:11,Lunch Rush,74
20/06/2026 13:12,13:12,Lunch Rush,78
20/06/2026 13:13,13:13,Lunch Rush,83
20/06/2026 13:14,13:14,Lunch Rush,76
20/06/2026 13:15,13:15,Lunch Rush,97
20/06/2026 13:16,13:16,Lunch Rush,79
20/06/2026 13:17,13:17,Lunch Rush,87
20/06/2026 13:18,13:18,Lunch Rush,69
20/06/2026 13:19,13:19,Lunch Rush,92
20/06/2026 13:20,13:20,Lunch Rush,83
20/06/2026 13:21,13:21,Lunch Rush,78
20/06/2026 13:22,13:22,Lunch Rush,70
20/06/2026 13:23,13:23,Lunch Rush,95
20/06/2026 13:24,13:24,Lunch Rush,82
20/06/2026 13:25,13:25,Lunch Rush,76
20/06/2026 13:26,13:26,Lunch Rush,86
20/06/2026 13:27,13:27,Lunch Rush,84
20/06/2026 13:28,13:28,Lunch Rush,80
20/06/2026 13:29,13:29,Lunch Rush,73
20/06/2026 13:30,13:30,Lunch Rush,78
20/06/2026 13:31,13:31,Lunch Rush,77
20/06/2026 13:32,13:32,Lunch Rush,83
20/06/2026 13:33,13:33,Lunch Rush,84
20/06/2026 13:34,13:34,Lunch Rush,87
20/06/2026 13:35,13:35,Lunch Rush,68
20/06/2026 13:36,13:36,Lunch Rush,81
20/06/2026 13:37,13:37,Lunch Rush,72
20/06/2026 13:38,13:38,Lunch Rush,85
20/06/2026 13:39,13:39,Lunch Rush,88
20/06/2026 13:40,13:40,Lunch Rush,79
20/06/2026 13:41,13:41,Lunch Rush,89
20/06/2026 13:42,13:42,Lunch Rush,84
20/06/2026 13:43,13:43,Lunch Rush,95
20/06/2026 13:44,13:44,Lunch Rush,82
20/06/2026 13:45,13:45,Lunch Rush,68
20/06/2026 13:46,13:46,Lunch Rush,90
20/06/2026 13:47,13:47,Lunch Rush,83
20/06/2026 13:48,13:48,Lunch Rush,72
20/06/2026 13:49,13:49,Lunch Rush,82
20/06/2026 13:50,13:50,Lunch Rush,71
20/06/2026 13:51,13:51,Lunch Rush,80
20/06/2026 13:52,13:52,Lunch Rush,86
20/06/2026 13:53,13:53,Lunch Rush,72
20/06/2026 13:54,13:54,Lunch Rush,85
20/06/2026 13:55,13:55,Lunch Rush,91
20/06/2026 13:56,13:56,Lunch Rush,78
20/06/2026 13:57,13:57,Lunch Rush,75
20/06/2026 13:58,13:58,Lunch Rush,68
20/06/2026 13:59,13:59,Lunch Rush,79
20/06/2026 14:00,14:00,Normal,49
20/06/2026 14:01,14:01,Normal,47
20/06/2026 14:02,14:02,Normal,45
20/06/2026 14:03,14:03,Normal,54
20/06/2026 14:04,14:04,Normal,52
20/06/2026 14:05,14:05,Normal,50
20/06/2026 14:06,14:06,Normal,47
20/06/2026 14:07,14:07,Normal,53
20/06/2026 14:08,14:08,Normal,50
20/06/2026 14:09,14:09,Normal,47
20/06/2026 14:10,14:10,Normal,60
20/06/2026 14:11,14:11,Normal,54
20/06/2026 14:12,14:12,Normal,49
20/06/2026 14:13,14:13,Normal,53
20/06/2026 14:14,14:14,Normal,51
20/06/2026 14:15,14:15,Normal,49
20/06/2026 14:16,14:16,Normal,47
20/06/2026 14:17,14:17,Normal,53
20/06/2026 14:18,14:18,Normal,50
20/06/2026 14:19,14:19,Normal,57
20/06/2026 14:20,14:20,Normal,52
20/06/2026 14:21,14:21,Normal,50
20/06/2026 14:22,14:22,Normal,40
20/06/2026 14:23,14:23,Normal,46
20/06/2026 14:24,14:24,Normal,49
20/06/2026 14:25,14:25,Normal,48
20/06/2026 14:26,14:26,Normal,52
20/06/2026 14:27,14:27,Normal,32
20/06/2026 14:28,14:28,Normal,42
20/06/2026 14:29,14:29,Normal,50
20/06/2026 14:30,14:30,Normal,53
20/06/2026 14:31,14:31,Normal,52
20/06/2026 14:32,14:32,Normal,45
20/06/2026 14:33,14:33,Normal,45
20/06/2026 14:34,14:34,Normal,43
20/06/2026 14:35,14:35,Normal,43
20/06/2026 14:36,14:36,Normal,49
20/06/2026 14:37,14:37,Normal,56
20/06/2026 14:38,14:38,Normal,52
20/06/2026 14:39,14:39,Normal,50
20/06/2026 14:40,14:40,Normal,51
20/06/2026 14:41,14:41,Normal,57
20/06/2026 14:42,14:42,Normal,52
20/06/2026 14:43,14:43,Normal,54
20/06/2026 14:44,14:44,Normal,49
20/06/2026 14:45,14:45,Normal,46
20/06/2026 14:46,14:46,Normal,45
20/06/2026 14:47,14:47,Normal,50
20/06/2026 14:48,14:48,Normal,44
20/06/2026 14:49,14:49,Normal,34
20/06/2026 14:50,14:50,Normal,44
20/06/2026 14:51,14:51,Normal,48
20/06/2026 14:52,14:52,Normal,44
20/06/2026 14:53,14:53,Normal,41
20/06/2026 14:54,14:54,Normal,43
20/06/2026 14:55,14:55,Normal,52
20/06/2026 14:56,14:56,Normal,47
20/06/2026 14:57,14:57,Normal,57
20/06/2026 14:58,14:58,Normal,49
20/06/2026 14:59,14:59,Normal,48
20/06/2026 15:00,15:00,Normal,51
20/06/2026 15:01,15:01,Normal,53
20/06/2026 15:02,15:02,Normal,52
20/06/2026 15:03,15:03,Normal,59
20/06/2026 15:04,15:04,Normal,50
20/06/2026 15:05,15:05,Normal,56
20/06/2026 15:06,15:06,Normal,52
20/06/2026 15:07,15:07,Normal,52
20/06/2026 15:08,15:08,Normal,44
20/06/2026 15:09,15:09,Normal,53
20/06/2026 15:10,15:10,Normal,53
20/06/2026 15:11,15:11,Normal,45
20/06/2026 15:12,15:12,Normal,52
20/06/2026 15:13,15:13,Normal,50
20/06/2026 15:14,15:14,Normal,43
20/06/2026 15:15,15:15,Normal,49
20/06/2026 15:16,15:16,Normal,58
20/06/2026 15:17,15:17,Normal,52
20/06/2026 15:18,15:18,Normal,45
20/06/2026 15:19,15:19,Normal,53
20/06/2026 15:20,15:20,Normal,53
20/06/2026 15:21,15:21,Normal,48
20/06/2026 15:22,15:22,Normal,39
20/06/2026 15:23,15:23,Normal,49
20/06/2026 15:24,15:24,Normal,54
20/06/2026 15:25,15:25,Normal,47
20/06/2026 15:26,15:26,Normal,43
20/06/2026 15:27,15:27,Normal,52
20/06/2026 15:28,15:28,Normal,51
20/06/2026 15:29,15:29,Normal,47
20/06/2026 15:30,15:30,Normal,56
20/06/2026 15:31,15:31,Normal,50
20/06/2026 15:32,15:32,Normal,46
20/06/2026 15:33,15:33,Normal,44
20/06/2026 15:34,15:34,Normal,47
20/06/2026 15:35,15:35,Normal,57
20/06/2026 15:36,15:36,Normal,48
20/06/2026 15:37,15:37,Normal,54
20/06/2026 15:38,15:38,Normal,46
20/06/2026 15:39,15:39,Normal,44
20/06/2026 15:40,15:40,Normal,46
20/06/2026 15:41,15:41,Normal,53
20/06/2026 15:42,15:42,Normal,38
20/06/2026 15:43,15:43,Normal,45
20/06/2026 15:44,15:44,Normal,39
20/06/2026 15:45,15:45,Normal,53
20/06/2026 15:46,15:46,Normal,45
20/06/2026 15:47,15:47,Normal,57
20/06/2026 15:48,15:48,Normal,54
20/06/2026 15:49,15:49,Normal,42
20/06/2026 15:50,15:50,Normal,51
20/06/2026 15:51,15:51,Normal,46
20/06/2026 15:52,15:52,Normal,54
20/06/2026 15:53,15:53,Normal,45
20/06/2026 15:54,15:54,Normal,47
20/06/2026 15:55,15:55,Normal,50
20/06/2026 15:56,15:56,Normal,50
20/06/2026 15:57,15:57,Normal,54
20/06/2026 15:58,15:58,Normal,55
20/06/2026 15:59,15:59,Normal,45
20/06/2026 16:00,16:00,Normal,53
20/06/2026 16:01,16:01,Normal,49
20/06/2026 16:02,16:02,Normal,47
20/06/2026 16:03,16:03,Normal,60
20/06/2026 16:04,16:04,Normal,51
20/06/2026 16:05,16:05,Normal,59
20/06/2026 16:06,16:06,Normal,47
20/06/2026 16:07,16:07,Normal,46
20/06/2026 16:08,16:08,Normal,55
20/06/2026 16:09,16:09,Normal,59
20/06/2026 16:10,16:10,Normal,54
20/06/2026 16:11,16:11,Normal,47
20/06/2026 16:12,16:12,Normal,55
20/06/2026 16:13,16:13,Normal,48
20/06/2026 16:14,16:14,Normal,53
20/06/2026 16:15,16:15,Normal,44
20/06/2026 16:16,16:16,Normal,54
20/06/2026 16:17,16:17,Normal,46
20/06/2026 16:18,16:18,Normal,52
20/06/2026 16:19,16:19,Normal,55
20/06/2026 16:20,16:20,Normal,49
20/06/2026 16:21,16:21,Normal,53
20/06/2026 16:22,16:22,Normal,59
20/06/2026 16:23,16:23,Normal,52
20/06/2026 16:24,16:24,Normal,49
20/06/2026 16:25,16:25,Normal,49
20/06/2026 16:26,16:26,Normal,56
20/06/2026 16:27,16:27,Normal,48
20/06/2026 16:28,16:28,Normal,52
20/06/2026 16:29,16:29,Normal,50
20/06/2026 16:30,16:30,Normal,49
20/06/2026 16:31,16:31,Normal,42
20/06/2026 16:32,16:32,Normal,56
20/06/2026 16:33,16:33,Normal,55
20/06/2026 16:34,16:34,Normal,50
20/06/2026 16:35,16:35,Normal,51
20/06/2026 16:36,16:36,Normal,56
20/06/2026 16:37,16:37,Normal,46
20/06/2026 16:38,16:38,Normal,52
20/06/2026 16:39,16:39,Normal,48
20/06/2026 16:40,16:40,Normal,60
20/06/2026 16:41,16:41,Normal,49
20/06/2026 16:42,16:42,Normal,43
20/06/2026 16:43,16:43,Normal,53
20/06/2026 16:44,16:44,Normal,41
20/06/2026 16:45,16:45,Normal,51
20/06/2026 16:46,16:46,Normal,56
20/06/2026 16:47,16:47,Normal,41
20/06/2026 16:48,16:48,Normal,51
20/06/2026 16:49,16:49,Normal,46
20/06/2026 16:50,16:50,Normal,54
20/06/2026 16:51,16:51,Normal,55
20/06/2026 16:52,16:52,Normal,45
20/06/2026 16:53,16:53,Normal,51
20/06/2026 16:54,16:54,Normal,49
20/06/2026 16:55,16:55,Normal,44
20/06/2026 16:56,16:56,Normal,59
20/06/2026 16:57,16:57,Normal,47
20/06/2026 16:58,16:58,Normal,48
20/06/2026 16:59,16:59,Normal,51
20/06/2026 17:00,17:00,Normal,48
20/06/2026 17:01,17:01,Normal,56
20/06/2026 17:02,17:02,Normal,50
20/06/2026 17:03,17:03,Normal,41
20/06/2026 17:04,17:04,Normal,54
20/06/2026 17:05,17:05,Normal,53
20/06/2026 17:06,17:06,Normal,57
20/06/2026 17:07,17:07,Normal,52
20/06/2026 17:08,17:08,Normal,52
20/06/2026 17:09,17:09,Normal,55
20/06/2026 17:10,17:10,Normal,42
20/06/2026 17:11,17:11,Normal,48
20/06/2026 17:12,17:12,Normal,54
20/06/2026 17:13,17:13,Normal,46
20/06/2026 17:14,17:14,Normal,49
20/06/2026 17:15,17:15,Normal,47
20/06/2026 17:16,17:16,Normal,53
20/06/2026 17:17,17:17,Normal,53
20/06/2026 17:18,17:18,Normal,49
20/06/2026 17:19,17:19,Normal,46
20/06/2026 17:20,17:20,Normal,50
20/06/2026 17:21,17:21,Normal,50
20/06/2026 17:22,17:22,Normal,55
20/06/2026 17:23,17:23,Normal,49
20/06/2026 17:24,17:24,Normal,58
20/06/2026 17:25,17:25,Normal,48
20/06/2026 17:26,17:26,Normal,53
20/06/2026 17:27,17:27,Normal,56
20/06/2026 17:28,17:28,Normal,47
20/06/2026 17:29,17:29,Normal,50
20/06/2026 17:30,17:30,Normal,54
20/06/2026 17:31,17:31,Normal,48
20/06/2026 17:32,17:32,Normal,54
20/06/2026 17:33,17:33,Normal,57
20/06/2026 17:34,17:34,Normal,42
20/06/2026 17:35,17:35,Normal,44
20/06/2026 17:36,17:36,Normal,48
20/06/2026 17:37,17:37,Normal,63
20/06/2026 17:38,17:38,Normal,55
20/06/2026 17:39,17:39,Normal,48
20/06/2026 17:40,17:40,Normal,45
20/06/2026 17:41,17:41,Normal,45
20/06/2026 17:42,17:42,Normal,48
20/06/2026 17:43,17:43,Normal,54
20/06/2026 17:44,17:44,Normal,59
20/06/2026 17:45,17:45,Normal,51
20/06/2026 17:46,17:46,Normal,46
20/06/2026 17:47,17:47,Normal,37
20/06/2026 17:48,17:48,Normal,49
20/06/2026 17:49,17:49,Normal,55
20/06/2026 17:50,17:50,Normal,46
20/06/2026 17:51,17:51,Normal,49
20/06/2026 17:52,17:52,Normal,48
20/06/2026 17:53,17:53,Normal,50
20/06/2026 17:54,17:54,Normal,50
20/06/2026 17:55,17:55,Normal,46
20/06/2026 17:56,17:56,Normal,50
20/06/2026 17:57,17:57,Normal,47
20/06/2026 17:58,17:58,Normal,44
20/06/2026 17:59,17:59,Normal,43
20/06/2026 18:00,18:00,Payday Surge,144
20/06/2026 18:01,18:01,Payday Surge,135
20/06/2026 18:02,18:02,Payday Surge,161
20/06/2026 18:03,18:03,Payday Surge,156
20/06/2026 18:04,18:04,Payday Surge,145
20/06/2026 18:05,18:05,Payday Surge,169
20/06/2026 18:06,18:06,Payday Surge,190
20/06/2026 18:07,18:07,Payday Surge,157
20/06/2026 18:08,18:08,Payday Surge,140
20/06/2026 18:09,18:09,Payday Surge,164
20/06/2026 18:10,18:10,Payday Surge,148
20/06/2026 18:11,18:11,Payday Surge,164
20/06/2026 18:12,18:12,Payday Surge,152
20/06/2026 18:13,18:13,Payday Surge,169
20/06/2026 18:14,18:14,Payday Surge,163
20/06/2026 18:15,18:15,Payday Surge,146
20/06/2026 18:16,18:16,Payday Surge,165
20/06/2026 18:17,18:17,Payday Surge,175
20/06/2026 18:18,18:18,Payday Surge,159
20/06/2026 18:19,18:19,Payday Surge,157
20/06/2026 18:20,18:20,Payday Surge,184
20/06/2026 18:21,18:21,Payday Surge,168
20/06/2026 18:22,18:22,Payday Surge,153
20/06/2026 18:23,18:23,Payday Surge,136
20/06/2026 18:24,18:24,Payday Surge,160
20/06/2026 18:25,18:25,Payday Surge,123
20/06/2026 18:26,18:26,Payday Surge,149
20/06/2026 18:27,18:27,Payday Surge,172
20/06/2026 18:28,18:28,Payday Surge,155
20/06/2026 18:29,18:29,Payday Surge,161
20/06/2026 18:30,18:30,Payday Surge,166
20/06/2026 18:31,18:31,Payday Surge,153
20/06/2026 18:32,18:32,Payday Surge,139
20/06/2026 18:33,18:33,Payday Surge,164
20/06/2026 18:34,18:34,Payday Surge,152
20/06/2026 18:35,18:35,Payday Surge,154
20/06/2026 18:36,18:36,Payday Surge,149
20/06/2026 18:37,18:37,Payday Surge,156
20/06/2026 18:38,18:38,Payday Surge,149
20/06/2026 18:39,18:39,Payday Surge,126
20/06/2026 18:40,18:40,Payday Surge,162
20/06/2026 18:41,18:41,Payday Surge,167
20/06/2026 18:42,18:42,Payday Surge,167
20/06/2026 18:43,18:43,Payday Surge,167
20/06/2026 18:44,18:44,Payday Surge,177
20/06/2026 18:45,18:45,Payday Surge,149
20/06/2026 18:46,18:46,Payday Surge,152
20/06/2026 18:47,18:47,Payday Surge,166
20/06/2026 18:48,18:48,Payday Surge,152
20/06/2026 18:49,18:49,Payday Surge,157
20/06/2026 18:50,18:50,Payday Surge,176
20/06/2026 18:51,18:51,Payday Surge,147
20/06/2026 18:52,18:52,Payday Surge,161
20/06/2026 18:53,18:53,Payday Surge,163
20/06/2026 18:54,18:54,Payday Surge,160
20/06/2026 18:55,18:55,Payday Surge,162
20/06/2026 18:56,18:56,Payday Surge,150
20/06/2026 18:57,18:57,Payday Surge,158
20/06/2026 18:58,18:58,Payday Surge,169
20/06/2026 18:59,18:59,Payday Surge,153
20/06/2026 19:00,19:00,Payday Surge,173
20/06/2026 19:01,19:01,Payday Surge,164
20/06/2026 19:02,19:02,Payday Surge,153
20/06/2026 19:03,19:03,Payday Surge,160
20/06/2026 19:04,19:04,Payday Surge,181
20/06/2026 19:05,19:05,Payday Surge,163
20/06/2026 19:06,19:06,Payday Surge,162
20/06/2026 19:07,19:07,Payday Surge,114
20/06/2026 19:08,19:08,Payday Surge,147
20/06/2026 19:09,19:09,Payday Surge,149
20/06/2026 19:10,19:10,Payday Surge,124
20/06/2026 19:11,19:11,Payday Surge,167
20/06/2026 19:12,19:12,Payday Surge,175
20/06/2026 19:13,19:13,Payday Surge,168
20/06/2026 19:14,19:14,Payday Surge,141
20/06/2026 19:15,19:15,Payday Surge,142
20/06/2026 19:16,19:16,Payday Surge,138
20/06/2026 19:17,19:17,Payday Surge,146
20/06/2026 19:18,19:18,Payday Surge,141
20/06/2026 19:19,19:19,Payday Surge,136
20/06/2026 19:20,19:20,Payday Surge,152
20/06/2026 19:21,19:21,Payday Surge,167
20/06/2026 19:22,19:22,Payday Surge,144
20/06/2026 19:23,19:23,Payday Surge,175
20/06/2026 19:24,19:24,Payday Surge,153
20/06/2026 19:25,19:25,Payday Surge,156
20/06/2026 19:26,19:26,Payday Surge,133
20/06/2026 19:27,19:27,Payday Surge,153
20/06/2026 19:28,19:28,Payday Surge,163
20/06/2026 19:29,19:29,Payday Surge,163
20/06/2026 19:30,19:30,Payday Surge,137
20/06/2026 19:31,19:31,Payday Surge,129
20/06/2026 19:32,19:32,Payday Surge,186
20/06/2026 19:33,19:33,Payday Surge,157
20/06/2026 19:34,19:34,Payday Surge,164
20/06/2026 19:35,19:35,Payday Surge,166
20/06/2026 19:36,19:36,Payday Surge,184
20/06/2026 19:37,19:37,Payday Surge,158
20/06/2026 19:38,19:38,Payday Surge,165
20/06/2026 19:39,19:39,Payday Surge,155
20/06/2026 19:40,19:40,Payday Surge,149
20/06/2026 19:41,19:41,Payday Surge,178
20/06/2026 19:42,19:42,Payday Surge,164
20/06/2026 19:43,19:43,Payday Surge,149
20/06/2026 19:44,19:44,Payday Surge,136
20/06/2026 19:45,19:45,Payday Surge,149
20/06/2026 19:46,19:46,Payday Surge,188
20/06/2026 19:47,19:47,Payday Surge,137
20/06/2026 19:48,19:48,Payday Surge,157
20/06/2026 19:49,19:49,Payday Surge,180
20/06/2026 19:50,19:50,Payday Surge,125
20/06/2026 19:51,19:51,Payday Surge,177
20/06/2026 19:52,19:52,Payday Surge,158
20/06/2026 19:53,19:53,Payday Surge,144
20/06/2026 19:54,19:54,Payday Surge,179
20/06/2026 19:55,19:55,Payday Surge,162
20/06/2026 19:56,19:56,Payday Surge,144
20/06/2026 19:57,19:57,Payday Surge,167
20/06/2026 19:58,19:58,Payday Surge,181
20/06/2026 19:59,19:59,Payday Surge,148
20/06/2026 20:00,20:00,Payday Surge,167
20/06/2026 20:01,20:01,Payday Surge,198
20/06/2026 20:02,20:02,Payday Surge,135
20/06/2026 20:03,20:03,Payday Surge,140
20/06/2026 20:04,20:04,Payday Surge,157
20/06/2026 20:05,20:05,Payday Surge,133
20/06/2026 20:06,20:06,Payday Surge,146
20/06/2026 20:07,20:07,Payday Surge,134
20/06/2026 20:08,20:08,Payday Surge,158
20/06/2026 20:09,20:09,Payday Surge,169
20/06/2026 20:10,20:10,Payday Surge,178
20/06/2026 20:11,20:11,Payday Surge,161
20/06/2026 20:12,20:12,Payday Surge,160
20/06/2026 20:13,20:13,Payday Surge,155
20/06/2026 20:14,20:14,Payday Surge,171
20/06/2026 20:15,20:15,Payday Surge,166
20/06/2026 20:16,20:16,Payday Surge,171
20/06/2026 20:17,20:17,Payday Surge,163
20/06/2026 20:18,20:18,Payday Surge,151
20/06/2026 20:19,20:19,Payday Surge,132
20/06/2026 20:20,20:20,Payday Surge,149
20/06/2026 20:21,20:21,Payday Surge,173
20/06/2026 20:22,20:22,Payday Surge,152
20/06/2026 20:23,20:23,Payday Surge,159
20/06/2026 20:24,20:24,Payday Surge,168
20/06/2026 20:25,20:25,Payday Surge,168
20/06/2026 20:26,20:26,Payday Surge,175
20/06/2026 20:27,20:27,Payday Surge,175
20/06/2026 20:28,20:28,Payday Surge,175
20/06/2026 20:29,20:29,Payday Surge,161
20/06/2026 20:30,20:30,Payday Surge,135
20/06/2026 20:31,20:31,Payday Surge,163
20/06/2026 20:32,20:32,Payday Surge,156
20/06/2026 20:33,20:33,Payday Surge,129
20/06/2026 20:34,20:34,Payday Surge,158
20/06/2026 20:35,20:35,Payday Surge,160
20/06/2026 20:36,20:36,Payday Surge,180
20/06/2026 20:37,20:37,Payday Surge,151
20/06/2026 20:38,20:38,Payday Surge,147
20/06/2026 20:39,20:39,Payday Surge,201
20/06/2026 20:40,20:40,Payday Surge,169
20/06/2026 20:41,20:41,Payday Surge,152
20/06/2026 20:42,20:42,Payday Surge,165
20/06/2026 20:43,20:43,Payday Surge,153
20/06/2026 20:44,20:44,Payday Surge,133
20/06/2026 20:45,20:45,Payday Surge,168
20/06/2026 20:46,20:46,Payday Surge,184
20/06/2026 20:47,20:47,Payday Surge,171
20/06/2026 20:48,20:48,Payday Surge,157
20/06/2026 20:49,20:49,Payday Surge,159
20/06/2026 20:50,20:50,Payday Surge,179
20/06/2026 20:51,20:51,Payday Surge,170
20/06/2026 20:52,20:52,Payday Surge,173
20/06/2026 20:53,20:53,Payday Surge,134
20/06/2026 20:54,20:54,Payday Surge,166
20/06/2026 20:55,20:55,Payday Surge,148
20/06/2026 20:56,20:56,Payday Surge,158
20/06/2026 20:57,20:57,Payday Surge,140
20/06/2026 20:58,20:58,Payday Surge,153
20/06/2026 20:59,20:59,Payday Surge,159
20/06/2026 21:00,21:00,Evening Decline,28
20/06/2026 21:01,21:01,Evening Decline,25
20/06/2026 21:02,21:02,Evening Decline,23
20/06/2026 21:03,21:03,Evening Decline,25
20/06/2026 21:04,21:04,Evening Decline,28
20/06/2026 21:05,21:05,Evening Decline,28
20/06/2026 21:06,21:06,Evening Decline,24
20/06/2026 21:07,21:07,Evening Decline,25
20/06/2026 21:08,21:08,Evening Decline,22
20/06/2026 21:09,21:09,Evening Decline,32
20/06/2026 21:10,21:10,Evening Decline,20
20/06/2026 21:11,21:11,Evening Decline,22
20/06/2026 21:12,21:12,Evening Decline,23
20/06/2026 21:13,21:13,Evening Decline,24
20/06/2026 21:14,21:14,Evening Decline,23
20/06/2026 21:15,21:15,Evening Decline,21
20/06/2026 21:16,21:16,Evening Decline,25
20/06/2026 21:17,21:17,Evening Decline,26
20/06/2026 21:18,21:18,Evening Decline,22
20/06/2026 21:19,21:19,Evening Decline,27
20/06/2026 21:20,21:20,Evening Decline,29
20/06/2026 21:21,21:21,Evening Decline,25
20/06/2026 21:22,21:22,Evening Decline,22
20/06/2026 21:23,21:23,Evening Decline,27
20/06/2026 21:24,21:24,Evening Decline,27
20/06/2026 21:25,21:25,Evening Decline,21
20/06/2026 21:26,21:26,Evening Decline,26
20/06/2026 21:27,21:27,Evening Decline,27
20/06/2026 21:28,21:28,Evening Decline,24
20/06/2026 21:29,21:29,Evening Decline,27
20/06/2026 21:30,21:30,Evening Decline,24
20/06/2026 21:31,21:31,Evening Decline,20
20/06/2026 21:32,21:32,Evening Decline,28
20/06/2026 21:33,21:33,Evening Decline,25
20/06/2026 21:34,21:34,Evening Decline,28
20/06/2026 21:35,21:35,Evening Decline,27
20/06/2026 21:36,21:36,Evening Decline,25
20/06/2026 21:37,21:37,Evening Decline,24
20/06/2026 21:38,21:38,Evening Decline,22
20/06/2026 21:39,21:39,Evening Decline,28
20/06/2026 21:40,21:40,Evening Decline,24
20/06/2026 21:41,21:41,Evening Decline,30
20/06/2026 21:42,21:42,Evening Decline,31
20/06/2026 21:43,21:43,Evening Decline,25
20/06/2026 21:44,21:44,Evening Decline,24
20/06/2026 21:45,21:45,Evening Decline,27
20/06/2026 21:46,21:46,Evening Decline,21
20/06/2026 21:47,21:47,Evening Decline,26
20/06/2026 21:48,21:48,Evening Decline,21
20/06/2026 21:49,21:49,Evening Decline,25
20/06/2026 21:50,21:50,Evening Decline,28
20/06/2026 21:51,21:51,Evening Decline,23
20/06/2026 21:52,21:52,Evening Decline,23
20/06/2026 21:53,21:53,Evening Decline,28
20/06/2026 21:54,21:54,Evening Decline,24
20/06/2026 21:55,21:55,Evening Decline,26
20/06/2026 21:56,21:56,Evening Decline,20
20/06/2026 21:57,21:57,Evening Decline,21
20/06/2026 21:58,21:58,Evening Decline,27
20/06/2026 21:59,21:59,Evening Decline,26
20/06/2026 22:00,22:00,Evening Decline,25
20/06/2026 22:01,22:01,Evening Decline,28
20/06/2026 22:02,22:02,Evening Decline,24
20/06/2026 22:03,22:03,Evening Decline,24
20/06/2026 22:04,22:04,Evening Decline,26
20/06/2026 22:05,22:05,Evening Decline,23
20/06/2026 22:06,22:06,Evening Decline,26
20/06/2026 22:07,22:07,Evening Decline,26
20/06/2026 22:08,22:08,Evening Decline,23
20/06/2026 22:09,22:09,Evening Decline,27
20/06/2026 22:10,22:10,Evening Decline,29
20/06/2026 22:11,22:11,Evening Decline,24
20/06/2026 22:12,22:12,Evening Decline,25
20/06/2026 22:13,22:13,Evening Decline,26
20/06/2026 22:14,22:14,Evening Decline,29
20/06/2026 22:15,22:15,Evening Decline,25
20/06/2026 22:16,22:16,Evening Decline,23
20/06/2026 22:17,22:17,Evening Decline,25
20/06/2026 22:18,22:18,Evening Decline,19
20/06/2026 22:19,22:19,Evening Decline,30
20/06/2026 22:20,22:20,Evening Decline,24
20/06/2026 22:21,22:21,Evening Decline,20
20/06/2026 22:22,22:22,Evening Decline,27
20/06/2026 22:23,22:23,Evening Decline,25
20/06/2026 22:24,22:24,Evening Decline,23
20/06/2026 22:25,22:25,Evening Decline,27
20/06/2026 22:26,22:26,Evening Decline,24
20/06/2026 22:27,22:27,Evening Decline,24
20/06/2026 22:28,22:28,Evening Decline,25
20/06/2026 22:29,22:29,Evening Decline,24
20/06/2026 22:30,22:30,Evening Decline,25
20/06/2026 22:31,22:31,Evening Decline,21
20/06/2026 22:32,22:32,Evening Decline,29
20/06/2026 22:33,22:33,Evening Decline,21
20/06/2026 22:34,22:34,Evening Decline,27
20/06/2026 22:35,22:35,Evening Decline,25
20/06/2026 22:36,22:36,Evening Decline,27
20/06/2026 22:37,22:37,Evening Decline,25
20/06/2026 22:38,22:38,Evening Decline,25
20/06/2026 22:39,22:39,Evening Decline,25
20/06/2026 22:40,22:40,Evening Decline,23
20/06/2026 22:41,22:41,Evening Decline,25
20/06/2026 22:42,22:42,Evening Decline,25
20/06/2026 22:43,22:43,Evening Decline,25
20/06/2026 22:44,22:44,Evening Decline,25
20/06/2026 22:45,22:45,Evening Decline,24
20/06/2026 22:46,22:46,Evening Decline,26
20/06/2026 22:47,22:47,Evening Decline,25
20/06/2026 22:48,22:48,Evening Decline,21
20/06/2026 22:49,22:49,Evening Decline,24
20/06/2026 22:50,22:50,Evening Decline,29
20/06/2026 22:51,22:51,Evening Decline,22
20/06/2026 22:52,22:52,Evening Decline,25
20/06/2026 22:53,22:53,Evening Decline,25
20/06/2026 22:54,22:54,Evening Decline,24
20/06/2026 22:55,22:55,Evening Decline,27
20/06/2026 22:56,22:56,Evening Decline,23
20/06/2026 22:57,22:57,Evening Decline,23
20/06/2026 22:58,22:58,Evening Decline,27
20/06/2026 22:59,22:59,Evening Decline,22
20/06/2026 23:00,23:00,Evening Decline,24
20/06/2026 23:01,23:01,Evening Decline,27
20/06/2026 23:02,23:02,Evening Decline,25
20/06/2026 23:03,23:03,Evening Decline,24
20/06/2026 23:04,23:04,Evening Decline,26
20/06/2026 23:05,23:05,Evening Decline,25
20/06/2026 23:06,23:06,Evening Decline,23
20/06/2026 23:07,23:07,Evening Decline,24
20/06/2026 23:08,23:08,Evening Decline,28
20/06/2026 23:09,23:09,Evening Decline,27
20/06/2026 23:10,23:10,Evening Decline,21
20/06/2026 23:11,23:11,Evening Decline,25
20/06/2026 23:12,23:12,Evening Decline,25
20/06/2026 23:13,23:13,Evening Decline,21
20/06/2026 23:14,23:14,Evening Decline,27
20/06/2026 23:15,23:15,Evening Decline,23
20/06/2026 23:16,23:16,Evening Decline,31
20/06/2026 23:17,23:17,Evening Decline,23
20/06/2026 23:18,23:18,Evening Decline,23
20/06/2026 23:19,23:19,Evening Decline,23
20/06/2026 23:20,23:20,Evening Decline,20
20/06/2026 23:21,23:21,Evening Decline,23
20/06/2026 23:22,23:22,Evening Decline,24
20/06/2026 23:23,23:23,Evening Decline,26
20/06/2026 23:24,23:24,Evening Decline,24
20/06/2026 23:25,23:25,Evening Decline,21
20/06/2026 23:26,23:26,Evening Decline,25
20/06/2026 23:27,23:27,Evening Decline,28
20/06/2026 23:28,23:28,Evening Decline,24
20/06/2026 23:29,23:29,Evening Decline,26
20/06/2026 23:30,23:30,Evening Decline,28
20/06/2026 23:31,23:31,Evening Decline,25
20/06/2026 23:32,23:32,Evening Decline,25
20/06/2026 23:33,23:33,Evening Decline,22
20/06/2026 23:34,23:34,Evening Decline,31
20/06/2026 23:35,23:35,Evening Decline,26
20/06/2026 23:36,23:36,Evening Decline,26
20/06/2026 23:37,23:37,Evening Decline,22
20/06/2026 23:38,23:38,Evening Decline,27
20/06/2026 23:39,23:39,Evening Decline,26
20/06/2026 23:40,23:40,Evening Decline,24
20/06/2026 23:41,23:41,Evening Decline,25
20/06/2026 23:42,23:42,Evening Decline,25
20/06/2026 23:43,23:43,Evening Decline,26
20/06/2026 23:44,23:44,Evening Decline,25
20/06/2026 23:45,23:45,Evening Decline,26
20/06/2026 23:46,23:46,Evening Decline,21
20/06/2026 23:47,23:47,Evening Decline,23
20/06/2026 23:48,23:48,Evening Decline,24
20/06/2026 23:49,23:49,Evening Decline,26
20/06/2026 23:50,23:50,Evening Decline,27
20/06/2026 23:51,23:51,Evening Decline,25
20/06/2026 23:52,23:52,Evening Decline,26
20/06/2026 23:53,23:53,Evening Decline,26
20/06/2026 23:54,23:54,Evening Decline,29
20/06/2026 23:55,23:55,Evening Decline,29
20/06/2026 23:56,23:56,Evening Decline,23
20/06/2026 23:57,23:57,Evening Decline,22
20/06/2026 23:58,23:58,Evening Decline,24
20/06/2026 23:59,23:59,Evening Decline,24
